task,dim,n_x,treatment,scores,median,uses_llm
SS-A,low,3,T0_UCB_GPM,"[0.033002083695390816, 0.0010569319637795899, 0.0010569319637795899]",0.0010569319637795899,False
SS-A,low,3,T1_SingleStep_LLM,"[0.0010569319637795899, 0.0010569319637795899, 0.0010569319637795899]",0.0010569319637795899,True
SS-B,low,3,T0_UCB_GPM,"[0.0011536768197522597, 0.0011536768197522597, 0.0011536768197522597]",0.0011536768197522597,False
SS-B,low,3,T1_SingleStep_LLM,"[0.0011536768197522597, 0.0011536768197522597, 0.0011536768197522597]",0.0011536768197522597,True
